use SGEDb;

-- Partidos
INSERT INTO `sgedb`.`Partidos` (`idPartidos`, `designacao`) VALUES ('1', 'Presidencial');
--
SELECT * FROM Partidos;

-- Tabele dos Circulos Eleitorais
INSERT INTO CirculoEleitoral (idCirculoEleitoral, designacao, deputados)
 VALUES
(1,'Viana do Castelo',6),
(2,'Braga',19),
(3,'Vila Real',5),
(4,'Bragança',3),
(5,'Porto',39),
(6,'Viseu',9),
(7,'Guarda',4), 
(8,'Aveiro',16),
(9,'Coimbra',9),
(10,'Leiria',10),
(11,'Castelo-Branco',4),
(12,'Santarém',9),
(13,'Lisboa',47),
(14,'Setúbal',18),
(15,'Portalegre',2),
(16,'Évora',3),
(17,'Beja',3),
(18,'Faro',9),
(19,'Madeira',6),
(20,'Açores',5),
(21,'Ilha da Madeira',47),
(22,'Ilha de S.Miguel',19),
(23,'Ilha Graciosa',3),
(24,'Ilha da Terceira',10),
(25,'Ilha do Faial',4),
(26,'Ilha do Pico',4),
(27,'Ilha das Flores',3),
(28,'Ilha do Corvo',2),
(29,'Ilha de S.Jorge',4),
(30,'Ilha de Sta.Maria',10),
(31,'Presidencial',1);
--
SELECT * FROM CirculoEleitoral;

-- Tabela de Cargos
INSERT INTO `sgedb`.`Cargos` (`idCargo`, `designacao`) VALUES ('1', 'Presidente da República Portuguesa');
INSERT INTO `sgedb`.`Cargos` (`idCargo`, `designacao`) VALUES ('2', 'Primeiro-Ministro de Portugal');
INSERT INTO `sgedb`.`Cargos` (`idCargo`, `designacao`) VALUES ('3', 'Deputado da Assembleia');
INSERT INTO `sgedb`.`Cargos` (`idCargo`, `designacao`) VALUES ('4', 'Desempregado');
--
SELECT * FROM Cargos;

-- Tabela de Eleitores
INSERT INTO Eleitores (idEleitor,admin,nome,cartao_cidadao,nome_candidato,candidato,dt_nasc,Circulo_idCirculoEleitoral,voto)
VALUES
(1, TRUE, 'Adriana Da Santa Guedes', '28247524', 'Adriana Guedes', False,'1980-04-12',1,False),
(2, False, 'Adriana Eliana Fernandes Pereira', '62265007', 'Adriana Pereira', False, '1988-01-10',2, False),
(3, False, 'Afonso João Borges Cabral Cerejeira Da Silva', '98494365', 'Afonso Silva', False,  '1990-08-22',3, False),
(4, False, 'Afonso Rafael Carvalho Sousa', '14410893', 'Afonso Sousa', False, '1976-03-01',4, False),
(5, False, 'Agostinho Abílio Cardoso Fernandes', '47021127', 'Agostinho Fernandes', False, '1974-06-20',4, False),
(6, False, 'Alfredo Miguel Macedo Gomes', '10102754', 'Alfredo Gomes', False,'1971-06-22',5, False), 
(7, False, 'Ana Esmeralda Alves Fernandes', '45785087', 'Ana Fernandes', False, '1966-03-23',6, False),
(8, False, 'Ana Filipa Novo Pereira', '45877792', 'Ana Pereira', False, '1979-06-12',7, False),
(9, False, 'Ana Isabel Lobo de Castro', '72377099', 'Ana Castro', False, '1976-02-04',8, False),
(10, False, 'Ana Paula da Costa Leal de Carvalho', '82356444', 'Ana Carvalho', False, '1991-08-18',9, False),
(11, False, 'Ana Rita Rocha Marques', '11543816', 'Ana Marques', False, '1992-12-17',10, False),
(12, False, 'Ana Sofia Gomes Marques', '78448449', 'Ana Gomes', False, '1969-03-18',11, False),
(13, False, 'Andre Almeida Goncalves', '74243042', ' André Gonçalves', False, '1974-01-07',12, False),
(14, False, 'Andre Brandao De Pinho', '11480798', 'André Pinho', False, '1981-01-26',13, False),
(15, False, 'Andre Jose Ferro Geraldes', '13752250', 'André Geraldes', False, '1994-11-17',14, False),
(16, False, 'Andreia Filipa Pereira De Barros', '44128232', 'Andreia Barros', False, '1986-07-25',15, False),
(17, False, 'André Alexandre Pinheiro Marinho', '16531729', 'André Marinho', False, '1991-02-18',16, False),
(18, False, 'André Filipe Ribeiro Costa', '823378840', 'André Costa', False,'1976-05-14',17, False),
(19, False, 'André Miguel Bonjardim Pinto','143542612', 'André Pinto', False, '1994-04-09',18, False),
(20, False, 'André Ribeiro Ferraz da Cunha Santos', ' 89654430', 'André Santos', False, '1971-11-20',19, False),
(21, False, 'André Ricardo Covelo Germano', '47483316', 'André Germano', False, '1980-09-17',20, False),
(22, False, 'André Rodrigues Freitas', '26481770', 'André Freitas', False,'1977-10-10',21, False),
(23, False, 'André Sousa Diogo', '99809715', 'André Diogo', False, '1991-11-05',1, False),
(24, False, 'António Jorge Monteiro Chaves', '81712956', 'António Chaves', False, '1992-11-06',2, False), 
(25, False, 'António Pedro Carvalho Machado Da Silva', '13157093', 'António Silva', False,  '1968-10-26',3, False), 
(26, False, 'António Sérgio Costa Gomes', '19749309', 'António Gomes', False,'1976-04-03',4, False),
(27, False, 'Armando Mário Teniz Queirós', '40428027', 'Armando Queirós', False, '1975-11-15',5, False),
(28, False, 'Axel da Silva Ferreira', '89335181', 'Axel Ferreira', False, '1975-12-14',6, False),
(29, False, 'Beatriz Abreu Aarão', '50579533', 'Beatriz Aarão', False, '1973-05-09',7, False),
(30, False, 'Beatriz Ribeiro Pires Loureiro', '95489909', 'Beatriz Loureiro', False, '1993-12-23',8, False),
(31, False, 'Bernardino Marques Fernandes', '63680782', 'Bernardino Fernandes', False, '1984-08-26',9, False),
(32, False, 'Bruno Alexandre Almeida Sousa', '56361351', 'Bruno Sousa', False, '1974-01-04',10, False),
(33, False, 'Bruno Andre Araujo Henriques', '10192926', 'Bruno Henriques', False, '1979-04-03',11, False),
(34, False, 'Bruno Manuel Macedo do Nascimento', '58072381', 'Bruno Nascimento', False, '1990-09-16',12, False), 
(35, False, 'Bruno Martins Pereira', '70487763', 'Bruno Pereira', False, '1972-07-16',13, False),
(36, False, 'Bruno Miguel Alves Ferraz', '35858097', 'Bruno Ferraz', False, '1989-04-13',14, False),
(37, False, 'Bruno Miguel Peixoto Henriques', '62437914', 'Bruno Peixoto', False, '1990-08-27',15, False),
(38, False, 'Bruno Miguel Salgado Machado', '12823657', 'Bruno Machado', False, '1976-09-17',16, False),
(39, False, 'Bruno Miguel Sousa Cancelinha', '78455882', 'Bruno Cancelinha', False, '1972-12-02',17, False), 
(40, False, 'Bruno Rafael Lamas Corredoura Dantas', '53051196', 'Bruno Dantas', False,  '1970-11-10',16, False),
(41, False, 'Bruno Rafael Mendes Magalhaes', '11001067', 'Bruno Magalhaes', False, '1976-03-12',18, False),
(42, False, 'Bruno Renato Fernandes Carvalho', '55190139', 'Bruno Carvalho', False, '1988-03-04',19, False),
(43, False, 'Bárbara Nadine Freitas Oliveira', '61781933', 'Bárbara Oliveira', False, '1977-06-17',20, False),
(44, False, 'Carlos Alberto Gonçalves Da Costa', '39912548', 'Carlos Costa', False, '1978-10-11',21, False),
(45, False, 'Carlos Diogo da Silva Sa', '15609174', 'Carlos Sa', False, '1975-09-10',1, False),
(46, False, 'Carlos Duarte Afonso Pereira', '35642522', 'Carlos Pereira', False, '1969-04-06',2, False),
(47, False, 'Carlos Manuel Magalhães Da Silva', '89989409', 'Carlos Silva', False, '1994-06-12',3, False),
(48, False, 'Catarina Rocha Cardoso', '58564019', 'Catarina Cardoso', False,'1968-07-10',4, False),
(49, False, 'Cecília Catarina Domingues Marciel', '93718635', 'Cecília Marciel', False,  '1990-02-09',4, False), 
(50, False, 'Cesário Miguel Pereira Perneta', '64603500', 'Cesário Perneta', False, '1994-01-24',5, False),
(51, False, 'Cláudia Azevedo Marques', '25921153', 'Cláudia Marques', False, '1971-10-06',6, False),
(52, False, 'Cláudia Fernandes Ribeiro', '51061670', 'Cláudia Ribeiro', False, '1994-08-13',7, False),
(53, False, 'Célia Natália Lemos Figueiredo', '59035794', 'Célia Figueiredo', False, '1977-11-21',8, False),
(54, False, 'César Eduardo da Silva Magalhães', '77151566', 'César Magalhães', False, '1975-06-15',9, False),
(55, False, 'Daniel Camelo Rodrigues' , '35757149', 'Daniel Rodrigues', False, '1990-06-01',10, False),
(56, False, 'Daniel Carvalho da Cruz', '44788124', 'Daniel Cruz', False, '1976-09-24',12, False),
(57, False, 'Daniel Filipe Vilar Tavares', '92770219', 'Daniel Tavares', False, '1973-04-17',11, False),
(58, False, 'Daniel Marcos Ribeiro Martins Coelho', '95250953', 'Daniel Coelho', False, '1980-12-17',13, False),
(59, False, 'Daniel Pereira Andrade', '13006090', 'Daniel Andrade', False,'1986-03-17',14,False ),
(60, False, 'Daniel Teixeira Militão', '94272772', 'Daniel Milito', False, '1986-07-26',15, False),
(61, False, 'David Antonio Cardoso Moreira', '83454666', 'David Moreira', False, '1973-11-28',16, False),
(62, False, 'Davide Alberto Pinto Silva', '68511802', 'Davide Silva', False, '1975-07-19',17, False),
(63, False, 'Diana Filipa Oliveira', '11879780', 'Diana Oliveira', False, '1979-02-27',18, False),
(64, False, 'Diogo Alexandre Fernandes Duarte', '60806853', 'Diogo Duarte', False, '1988-07-26',19, False),
(65, False, 'Diogo Alexandre Gonçalves Machado', '57154097', 'Diogo Machado', False, '1975-12-09',20, False), 
(66, False, 'Diogo Figueiredo Pimenta', '19484740', 'Diogo Pimenta', False,'1977-07-27',20, False),
(67, False, 'Diogo Filipe Da Silva Vilaça', '35308228', 'Diogo Vilaça', False, '1972-11-08',19, False),
(68, False, 'Diogo Lopes Da Silva', '15837493', 'Diogo Silva', False,'1967-06-13',18, False),
(69, False, 'Diogo Mendes Gomes', '75260298', 'Diogo Gomes', False, '1990-04-04',17, False),
(70, False, 'Diogo Santos Tavares', '82493898', 'Diogo Tavares', False,'1968-10-10',16, False),
(71, False, 'Diogo Silva Meira', '59502863', 'Diogo Meira', False, '1976-11-14',15, False), 
(72, False, 'Filipe de Sousa Marques', '96240801', 'Filipe Marques', False, '1985-12-07',15, False),
(73, False, 'Filipe Manuel Gonçalves de Oliveira', '13762386', 'Filipe Oliveira', False, '1979-02-17',14, False), 
(74, False, 'Flávia Daniela da Silva', '99738981', 'Flávia Silva', False, '1990-11-25',15, False),
(75, False, 'Francisco Duarte da Cunha Ventura', '20739063', 'Francisco Ventura', False,'1982-09-27',12, False),
(76, False, 'Francisco Lira Pereira', '10755453', 'Francisco Pereira', False, '1980-07-11',11, False),
(77, False, 'Francisco Roriz Ferreira Mendes', '63533942', 'Francisco Mendes', False, '1989-03-26',10, False),
(78, False, 'Francisco Sampaio Da Costa', '65400166', 'Francisco Costa', False, '1982-07-04',9, False),
(79, False, 'Fábio Diogo Peixoto Dias', '77772411', 'Fábio Dias', False, '1985-09-04',9, False),
(80, False, 'Fábio Luís Baião Da Silva', '26922009', 'Fábio Silva', False, '1980-05-01',8, False),
(81, False, 'Gil Gonçalves Pereira', '34075629', 'Gil Pereira', False, '1972-09-13',10, False),
(82, False, 'Gonçalo Leal Da Mota Meireles Moreira', '47844650', 'Gonçalo Moreira', False, '1986-09-27',11, False),
(83, False, 'Gonçalo Manuel Barbosa Teles Pinheiro', '86454651', 'Gonçalo Pinheiro', False, '1975-07-03',12, False),
(84, False, 'Guilherme Vasconcelos Da Silva Guerreiro', '35193419', 'Guilherme Guerreiro', False, '1969-03-19',13, False),
(85, False, 'Gustavo José Afonso Andrez', '58103010', 'Gustavo Andrez', False,'1984-04-28', 10,False),
(86, False, 'Helder Joao Moreira de Sousa', '55781040', 'Helder Sousa', False, '1981-04-13',2, False),
(87, False, 'Hugo Manuel Ramos Vilas Boas Gonçalves', '14631945', 'Hugo Gonçalves', False, '1993-11-09',2, False), 
(88, False, 'Hugo Miguel Ferreira Abreu', '90819429', 'Hugo Abreu', False, '1989-11-28',6, False),
(89, False, 'Humberto João Alves Vaz', '50078218', 'Humberto Vaz', False, '1966-08-18',5, False),
(90, False, 'Ivo Manuel Dantas Monteiro', '65782112', 'Ivo Monteiro', False, '1987-02-02',4, False),
(91, False, 'Janine Marlene Duarte da Silva Freitas', '75379950', 'Janine Freitas', False, '1969-01-24',5, False),
(92, False, 'Joana Maria da Silva Arantes', '10224688', 'Joana Arantes', False, '1992-07-07',7, False),
(93, False, 'Joao Miguel Ferreira Lopes', '26940675', 'Joao Lopes', False,'1967-06-12',8, False),
(94, False, 'Jorge Daniel Lopes Freitas', '81673156', 'Jorge Freitas', False, '1972-12-28',3, False),
(95, False, 'Jorge Fernando Vieira Cardoso', '88493671', 'Jorge Cardoso', False,  '1983-12-03',2, False),
(96, False, 'Jorge Filipe Bouca Barreira', '57835443', 'Jorge Barreira', False, '1985-05-14',4, False),
(97, False, 'Jorge Miguel Silva Ferreira', '80713033', 'Jorge Ferreira', False,  '1982-03-14',4, False),
(98, False, 'Cláudio Correia Silves Ferreira', '89205314', 'Cláudio Ferreira', False, '1995-05-01',18, False),
(99, False, 'Jorge Pedro Ribeiro Nunes Simão', '15385150', 'Jorge Simão', False, '1994-03-12',1, False),
(100, False, 'Jorge Rafael Chaves de Oliveira', '48448970', 'Jorge Oliveira', False,  '1994-02-26',2, False),
(101, False, 'Jose Antonio Dantas Silva', '61678387', 'Jose Silva', False,  '1985-04-24',9, False),
(102, False, 'Jose Gabriel Sa Santos', '38295582', 'Jose Santos', False, '1974-12-15',3, False),
(103, False, 'Jose Miguel Ribeiro Da Silva', '33011113', 'Jose Ribeiro', False, '1981-11-04',20, False),
(104, False, 'Jose Paulo Queiroga Amorim Fernandes', '22761935', 'Jose Fernandes', False, '1992-01-06',21, False),
(105, False, 'Jose Ricardo oliveira Goncalves', '72315317', 'Jose Gonçalves', False,'1988-05-29',1, False),
(106, False, 'José Alexandre da Silva Mirra', '70982397', 'José Mirra', False,'1979-06-05',5, False),
(107, False, 'José Azevedo Lima', '14772229', 'José Lima', False,'1995-09-06',7, False),
(108, False, 'José Carlos Araújo Lima', '70477904', 'José Araújo', False,'1987-07-05',10, False),
(109, False, 'José Carlos Da Silva Brandão Gonçalves', '51621609', 'José Brandão', False,'1981-11-04',20, False),
(110, False, 'José Duarte Mendes De Azevedo', '60694623', 'José Azevedo', False,'1993-05-30',15, False),
(111, False, 'José Manuel Gonçalves Leitão Da Cunha', '19095974', 'José Cunha', False,'1992-11-30',1, False),
(112, False, 'José Pedro da Costa Assis', '91284417', 'José Assis', False,'1986-09-11',19, False),
(113, False, 'José Pedro Ribeiro Nunes Simão', '34185363', 'José Simão', False,'1979-02-28',5, False),
(114, False, 'José Pedro Santos Monteiro', '80826629', 'José Monteiro', False,'1980-10-25',9, False),
(115, False, 'José Pedro Veiga Da Silva', '34309814', 'José Veiga', False,'1983-07-03',13, False),
(116, False, 'João Carlos Mendes Pereira', '53482796', 'João Pereira', False,'1962-01-01',21, False),
(117, False, 'João Carlos Faria Padrão', '28009041', 'João Padrão', False,'1990-12-25',11, False),
(118, False, 'João Carlos Silva Monteiro', '19540026', 'João Silva', False,'1989-02-05',18, False),
(119, False, 'João Da Cunha Coelho', '58967355', 'João Coelho', False,'1974-05-30',2, False),
(120, False, 'João Emanuel Da Silva Mendes', '64415949', 'João Mendes', False,'1969-12-03',1, False),
(121, False, 'João Henrique Ribeiro Valente', '88968800', 'João Valente', False,'1983-09-11',4, False),
(122, False, 'João Luis Alves Barreiros Martins', '57716395', 'Jo‹o Martins', False,'1989-12-17',10, False),
(123, False, 'João Luís Martins Areal Vieira', '52432596', 'João Vieira', False,'1981-08-01',8, False),
(124, False, 'João Miguel Amorim Noivo', '14119113', 'João Noivo', False,'1991-01-02',2, False),
(125, False, 'João Miguel Campos dos Reis', '51520453', 'João Reis', False,'1995-03-05',20, False),
(126, False, 'João Miguel Freitas Palmeira', '38847100', 'João Palmeira', False,'1989-09-10',21, False),
(127, False, 'João Miguel Matela Aidos Manso De Araújo', '68191096', 'João Manso', False,'1973-03-03',15, False),
(128, False, 'João Miguel Pires Barreira', '90479794', 'João Barreira', False,'1978-08-08',8, False),
(129, False, 'João Nuno Gomes Rodrigues De Almeida', '40028536', 'João Rodrigues', False,'1983-08-10',17, False),
(130, False, 'João Paulo Mourão Cabo', '32284208', 'João Cabo', False,'1967-05-05',8, False),
(131, False, 'João Paulo Ribeiro Alves', '46317985', 'João Alves', False,'1979-09-10',7, False),
(132, False, 'João Pedro Carvalho Gomes', '82853076', 'João Gomes', False,'1980-08-08',8, False),
(133, False, 'João Pedro Monteiro Miranda', ' 83263382', 'João Miranda', False,'1985-11-12',11, False),
(134, False, 'João Rui De Sousa Miguel', '73185695', 'João Miguel', False,'1977-05-24',21, False),
(135, False, 'João Simões Farinha', '31682471', 'João Farinha', False,'1988-06-04',18, False), 
(136, False, 'João Tiago Cruz Cunha', '26097367', 'João Cruz', False,'1973-10-11',11, False),
(137, False, 'João Tiago Pereira Dias', '81585990', 'João Dias', False,'1982-03-03',15, False),
(138, False, 'Julio Dinis Sa Peixoto', '26724859', 'Julio Peixoto', False,'1979-12-12',12, False), 
(139, False, 'Lazaro Tome Alves Azevedo', '51724831', 'Lazaro Azevedo', False,'1986-09-11',12, False),
(140, False, 'Leandro Augusto Oliveira Salgado', '19431473', 'Leandro Salgado', False,'1987-09-12',19, False),
(141, False, 'Lisandra Maria Pereira Da Silva', '31815305', 'Lisandra Silva', False,'1978-11-11',3, False),
(142, False, 'Luciano Correia Da Silva', '11163161', 'Luciano Silva', False,'1993-08-10',2, False),
(143, False, 'Luis Filipe Ferreira Brito', '87781979', 'Luis Brito', False,'1980-08-08',9, False),
(144, False, 'Luis Filipe Oliveira Azevedo', '30455564', 'Luis Azevedo', False,'1990-08-07',7, False),
(145, False, 'Luis Gonçalo Epifânio Pereira', '21311067', 'Luis Pereira', False,'1981-08-08',9, False),
(146, False, 'Luis Lisandro Ferreira da Silva Alves', '54143733', 'Luis Alves', False,'1974-07-04',1, False),
(147, False, 'Luis Manuel Camelo Martins', '49077006', 'Luis Martins', False,'1972-04-30',12, False),
(148, False, 'Luis Manuel De Carvalho Ribeiro', '99649797', 'Luis Ribeiro', False,'1976-06-03',13, False),
(149, False, 'Luís André Vieira e Mendonça', '63936098', 'Luis Mendonça', False,'1988-02-01',20, False),
(150, False, 'Luís Carlos da Silva Marques', '27064909', 'Luis Marques', False,'1981-10-03',1, False),
(151, False, 'Luís Manuel Leite Costa', '42897531', 'Luis Leite', False,'1980-08-01',8, False),
(152, False, 'Luís Miguel Fontão Martins', '68558345', 'Luis Martins', False,'1978-09-04',3, False),
(153, False, 'Luís Miguel Moreira Fernandes', '35134522', 'Luis Fernandes', False,'1983-03-06',9, False),
(154, False, 'Luís Neves Lira', '27211228', 'Luis Lira', False,'1988-02-10',10, False),
(155, False, 'Luís Paulo Ferreira Pedro', '39855676', 'Luis Pedro', False,'1977-07-07',8, False),
(156, False, 'Luís Pedro Pereira Fonseca', '33494890', 'Luis Fonseca', False,'1976-06-07',9, False), 
(157, False, 'Madalena Freitas Castro', '72458612', 'Madalena Castro', False,'1994-05-09',5, False), 
(158, False, 'Manuel Castro De Freitas', '53223612', 'Manuel Freitas', False,'1995-09-05',19, False), 
(159, False, 'Manuel Maciel Roriz Oliveira', '23129506', 'Manuel Oliveira', False,'1993-08-10',21, False),
(160, False, 'Manuel Pedro Leite Guimarães De Oliveira', '83604581', 'Manuel Guimaraes', False,'1984-05-08',11, False),
(161, False, 'Marcelo Alexandre Matos Fonseca Lima', '43647677', 'Marcelo Lima', False,'1985-03-05',15, False),
(162, False, 'Marcelo Antonio Caridade Miranda', '60935238', 'Marcelo Miranda', False,'1973-02-01',17, False),
(163, False, 'Marcia Maria Fernandes da Costa', '93632909', 'Marcia Costa', False,'1971-03-05',10, False),
(164, False, 'Marco Aurelio Salsa Barbosa', '91589622', 'Marco Barbosa', False,'1972-04-07',7, False),
(165, False, 'Marcos De Morais Luis', '30498784', 'Marcos Luis', False,'1988-04-11',11, False),
(166, False, 'Marcos Filipe Morais Andrade', '34712366', 'Marcos Andrande', False,'1973-10-11',3, False),
(167, False, 'Maria Ana Da Cunha Monteiro Fernandes De Brito', '88114053', 'Maria Brito', False,'1969-06-06',9, False),
(168, False, 'Maria Joao de Moura Alves', '28172522', 'Maria Alves', False,'1980-09-08',8, False),
(169, False, 'Mario Jorge Viana Ferreira', '90191539', 'Mario Ferreira', False,'1984-04-03',3, False),
(170, False, 'Matias Nicolau Araújo', '19794136', 'Matias Araújo', False,'1979-03-12',12, False),
(171, False, 'Maurício Zulueta Lima Salgado', '34831873', 'Maurício Salgado', False,'1968-05-02',2, False),
(172, False, 'Miguel Angelo Martins Rodrigues', '15260784', 'Miguel Rodrigues', False,'1962-12-17',20, False),
(173, False, 'Miguel Dias Miranda', '78455959', 'Miguel Miranda', False,'1987-07-07',14, False),
(174, False, 'Miguel Gil Pires Da Silva', '54343655', 'Miguel Silva', False,'1986-01-01',1, False),
(175, False, 'Miguel Gomes Zenha', '29014515', 'Miguel Zenha', False,'1987-05-01',16, False),
(176, False, 'Miguel Martins Costa', '68180862', 'Miguel Costa', False,'1971-01-07',7, False),
(177, False, 'Mário Costa Silva', '97776494', 'Mário Silva', False,'1980-03-30',21, False),
(178, False, 'Nazaré Ribeiro Cardoso', '75059738', 'Nazaré Cardoso', False,'1977-04-04',4, False),
(179, False, 'Nelson Arieira Parente', '97130721', 'Nelson Parente', False,'1995-09-05',11, False),
(180, False, 'Nuno Alberto Pires Fernandes', '73719527', 'Nuno Fernandes', False,'1993-03-02',2, False),
(181, False, 'Nuno Cabral Vieira', '75553999', 'Nuno Vieira', False,'1970-07-09',13, False),
(182, False, 'Nuno Duarte Bento Armada','39939924', 'Nuno Armada', False,'1990-05-12',21, False), 
(183, False, 'Nuno Gabriel Da Silva Areal' , '46224238', 'Nuno Areal', False,'1977-07-07',14, False),
(184, False, 'Nuno Jorge Pereira Oliveira', '45941349', 'Nuno Oliveira', False,'1972-02-07',9, False),
(185, False, 'Nuno José Vilela Da Cunha', '95189488', 'Nuno Cunha', False,'1990-05-05',19, False), 
(186, False, 'Nuno Miguel Abreu Moreira', '53714062', 'Nuno Moreira', False,'1978-05-03',3, False),
(187, False, 'Nuno Miguel da Costa Campos', '84868242', 'Nuno Campos', False,'1967-09-07',16, False), 
(188, False, 'Nuno Miguel da Silva Leite Magalhães', '12028144', 'Nuno Magalhaes', False,'1991-01-09',10, False),
(189, False, 'Nuno Miguel Rodrigues da Silva', '86531968', 'Nuno Rodrigues', False,'1987-03-01',1, False),
(190, False, 'Nuno Miguel Vilela Carvalho', '28933573', 'Nuno Carvalho', False,'1988-05-06',2, False), 
(191, False, 'Nuno Rogério Ferreira Pinto', '75569991', 'Nuno Pinto', False,'1987-02-01',3, False), 
(192, False, 'Octávio David da Conceição Jacinto', '62316162', 'Octávio Jacinto', False,'1986-01-09',4, False), 
(193, False, 'Octávio José Azevedo Maia', '99266353', 'Octávio Maia', False,'1985-09-08',5, False),
(194, False, 'Patrícia Amorim Barros', '43046042', 'Patrícia Barros', False,'1984-08-07',6, False),
(195, False, 'Paulo Cesar Ribeirinho Henriques', '35879601', 'Paulo Henriques', False,'1983-07-04',8, False),
(196, False, 'Paulo Gonçalves Cardoso', '94345467', 'Paulo Cardoso', False,'1982-03-01',9, False),
(197, False, 'Paulo Henrique Alves Lacerda','77102415', 'Paulo Lacerda', False,'1981-10-10',10, False),
(198, False, 'Paulo Jorge de Castro Gomes Franco', '47957524', 'Paulo Franco', False,'1981-01-01',11, False),
(199, False, 'Paulo Jorge dos Santos Gonçalves', '50797729', 'Paulo Gonçalves', False,'1980-05-09',12, False), 
(200, False, 'Paulo Jorge Machado Guedes', '11987881', 'Paulo Guedes', False,'1979-01-02',13, False),
(201, False, 'Paulo Miguel Novais Gameiro', '49590396', 'Paulo Gameiro', False,'1978-08-08',14,False),
(202, False, 'Pedro Alexandre Alves Marta', '82808769', 'Pedro Marta', False,'1977-05-01',15, False),
(203, False, 'Pedro Jose da Mota Lino', '62130181', 'Pedro Lino', False,'1976-06-04',16, False),
(204, True, 'Pedro José Costa de Oliveira', '13826138', 'Pedro Oliveira', False,'1975-03-01',17, False),
(205, False, 'Pedro José Marques Terra De Sousa', '15411299', 'Pedro Sousa', False,'1974-09-03',18, False),
(206, False, 'Pedro João Novais Da Cunha', '10474003', 'Pedro Cunha', False,'1973-01-03',19, False), 
(207, False, 'Pedro Miguel Braga Do Vale', '22212266', 'Pedro Vale', False,'1972-02-24',20, False),
(208, False, 'Pedro Miguel da Cruz Pacheco', '88911939', 'Pedro Pacheco', False,'1971-04-05',21, False),
(209, False, 'Pedro Miguel Da Silva Oliveira', '23848955', 'Pedro Silva', False,'1990-01-01',1, False),
(210, False, 'Pedro Miguel Lopes Pereira', '88241054', 'Pedro Pereira', False,'1988-05-08',3, False),
(211, False, 'Pedro Nuno Rodrigues da Silva', '94497582', 'Pedro Nuno', False,'1987-08-08',9, False),
(212, False, 'Pedro Rites Lima', '56712121', 'Pedro Lima', False,'1990-09-07',1, False),
(213, False, 'Pedro Santos Arezes Costa', '86672966', 'Pedro Arezes', False,'1979-09-08',3, False),
(214, False, 'Pedro Vieira Fortes', '53683021', 'Pedro Fortes', False,'1977-03-02',2, False),
(215, False, 'Rafael Joaquim Pereira de Macedo', '71953380', 'Rafael Macedo', False,'1987-02-05',8, False),
(216, False, 'Rafael Machado Da Silva', '51727337', 'Rafael Silva', False,'1978-07-07',10, False),
(217, False, 'Ricardo Antonio Gonçalves Pereira', '59282276', 'Ricardo Pereira', False,'1987-08-04',13, False),
(218, False, 'Ricardo Dinis Oliveira Lopes', '41000625', 'Ricardo Lopes', False,'1976-06-07',19, False),
(219, False, 'Ricardo Jorge Barroso Certo', '90273733', 'Ricardo Certo', False,'1980-08-08',21, False), 
(220, False, 'Ricardo Jorge da Silva Braga Marques', '12740186', 'Ricardo Marques', False,'1983-03-11',15, False),
(221, False, 'Ricardo Torres Varzim Faria', '99497799', 'Ricardo Faria', False,'1990-04-09',16,False), 
(222, False, 'Rita De Moura Machado Coelho Canavarro', '14000277', 'Rita Canavarro', False,'1980-05-05',12, False),
(223, True, 'Andreia Martins Alves', '13797895', 'Andreia Alves', False,'1979-09-10',11, False),
(224, False, 'Rodrigo Tiago Oliveira Ferreira', '53206276', 'Rodrigo Ferreira', False,'1979-05-03',17, False),
(225, False, 'Rogério Gomes Lopes Moreira', '49997439', 'Rogério Moreira', False,'1980-12-12',21, False),
(226, False, 'Ruben Miguel Cunha Santos', '43382987', 'Ruben Santos', False,'1973-10-10',2, False), 
(227, False, 'Rui Alves dos Santos', '46468933', 'Rui Santos', False,'1990-12-12',7, False),
(228, True, 'Geovani Silva Delgado Alves', '31454418', 'Geovani Alves', False,'1987-04-01',5, False),
(229, False, 'Rui Filipe Castro Leite', '42854055', 'Rui Leite', False,'1976-07-05',13, False), 
(230, False, 'Rui Manuel Abreu Pereira', '96845630', 'Rui Pereira', False,'1980-06-07',12, False),
(231, False, 'Rui Miguel Moura Mendes', '85946887', 'Rui Mendes', False,'1987-08-01',19, False),
(232, False, 'Rui Pedro Barbosa Rodrigues', '91130056', 'Rui Rodrigues', False,'1983-11-19',20, False), 
(233, False, 'Rui Pedro Mesquita Miranda', '16812009', 'Rui Miranda', False,'1979-04-02',6, False),
(234, False, 'Samuel Gonçalves Ferreira', '29891898', 'Samuel Ferreira', False,'1977-07-07',12, False),
(235, True, 'João Carlos Delgado Monteiro', '31500917', 'João Monteiro', False,'1982-01-02',3, False),
(236, False, 'Sandra Isabel Lopes Ferreira', '96711375', 'Sandra Ferreira', False,'1983-01-12',7, False),
(237, False, 'Sara Alexandra Da Silva Pereira', '12463978', 'Sara Pereira', False,'1970-07-05',11, False), 
(238, False, 'Sebastiao Mendes De Freitas', '46285140', 'Sebastiao Freitas', False,'1967-05-01',6, False),
(239, False, 'Sergio Manuel Rodrigues Caldas', '95782801', 'Sergio Caldas', False,'1969-06-09',16, False), 
(240, False, 'Sofia Manuela Gomes De Carvalho', '67803019', 'Sofia Carvalho', False,'1966-05-01',5, False), 
(241, False, 'Stéphane Alexandre Alves Fernandes', '10522276', 'Stéphane Fernandes', False,'1988-03-08',20, False), 
(242, False, 'Susana Daniela Marques Mendes', '10522276', 'Susana Mendes', False,'1986-03-12',9, False),
(243, False, 'Tiago André Alves Bouças', '94430345', 'Tiago Bouças', False,'1965-06-11',11, False),
(244, False, 'Tiago Filipe Alves Fonseca da Silva Augusto', '40168559', 'Tiago Augusto', False,'1969-11-11',13, False),	
(245, False, 'Tiago Filipe Gonçalves Vilar Pereira', '73226750', 'Tiago Pereira', False,'1968-08-03',19, False),
(246, False, 'Tiago Filipe Martins Moreira', '78417096', 'Tiago Moreira', False,'1970-02-03',5, False),
(247, False, 'Tiago Filipe Oliveira Sá', '45423350', 'Tiago Sa', False,'1976-09-10',19, False), 
(248, False, 'Tiago Gomes Campos', '14558667', 'Tiago Campos', False,'1989-04-01',5, False),
(249, False, 'Tiago José Ribeiro da Cunha', '32986310', 'Tiago Cunha', False,'1976-09-10',4, False),
(250, False, 'Tiago Miguel Fraga Santos', '35396324', 'Tiago Santos', False,'1988-02-09',2, False),
(251, False, 'Tiago Nuno Fernandes Duarte', '32360233', 'Tiago Duarte', False,'1981-11-12',21, False),
(252, False, 'Tânia Da Conceição Araújo Esteves', '12778449', 'Tania Esteves', False,'1983-11-03',8, False), 
(253, False, 'Vanessa Catarina Seabra Campos', '18876389', 'Vanessa Campos', False,'1979-09-11',19, False),
(254, False, 'Vasco da Fonseca Santos Monteiro', '66076080', 'Vasco Monteiro', False,'1980-04-02',9, False),
(255, False, 'Victor Manuel Da Cunha', '56193999', 'Victor Cunha', False,'1995-09-12',2, False),
(256, True, 'William Rodrigues Sousa', '18013257', 'William Sousa', False,'1981-01-08',9, False),
(257, False, 'Xavier Neves Francisco', '68542865', 'Xavier Francisco', False,'1987-04-11',7, False),
(258, False, 'Xavier Passos Rodrigues', '89705484', 'Xavier Rodrigues', False,'1993-08-10',1, False);
--
SELECT * FROM Eleitores;


-- Tabela Tipo de Eleições
INSERT INTO `sgedb`.`tipoeleicoes` (`idTipoEleicoes`, `designacao`) 
VALUES 
(1, 'Presidencial'),
(2, 'Assembleia da República'),
(3, 'Assembleia Legislativa da Região Autónoma da Madeira'),
(4, 'Assembleia Legislativa da Região Autónoma dos Açores');
--
SELECT * FROM tipoeleicoes;


-- Tabela de Regioes
INSERT INTO `SGEDb`.`Regiao` (`idRegiao`, `designacao`) 
VALUES 
(1,'Continente'),
(2,'Madeira'),
(3,'Açores');
--
SELECT * FROM Regiao;


-- Tabela Eleicoes
INSERT INTO `SGEDb`.`Eleicoes` (`idEleicao`, `dt_inicio`, `dt_fim`, `dt_abertura_cand`, `dt_fecho_cand`, `dt_eleicao`, `fase`, `regiao_autonoma`, `TipoEleicoes_idTipoEleicoes`, `votos_brancos`, `votos_nulos`, `votos_abstencao`, `estado`) 
VALUES 
(1, '2015-01-01', '2015-01-01', '2014-01-01', '2014-02-01', '2015-01-01', 1, 1, 1, 100, 20, 5,1),
(2, '2014-01-01', '2014-06-02', '2013-01-01', '2013-02-01', '2014-06-01', 2, 2, 2, 40, 10, 2,1);
--
SELECT * FROM eleicoes;



-- Tabela Estado
INSERT INTO `SGEDb`.`Estado` (`idEstado`, `designacao`) 
VALUES 
(1, "Eleição recém-criada"),
(2, "Eleição com Período de Candidatura Aberta"),
(3, "Eleição com Período de Candidatura Fechado - Não aprovada"),
(4, "Eleição com Período de Candidatura Fechado - Aprovada"),
(5, "Eleição Aberta a Votos"),
(6, "Eleição Encerrada");
--
SELECT * FROM Estado;



